platform,pillar,service,caption,hashtags,cta,disclaimer,status
linkedin,Process Clarity,Medical consultancy,"Myth Vs Fact for Medical consultancy. At Anjou Mehta Medical Consultancy, we focus on clarity and safe expectations. AMMC placeholder source text. We help clients understand their options, prepare properly, and navigate complex processes",#ClinicEducation #PatientFirst #Healthcare #InformedDecisions #Toronto,Learn more on our website,Educational information only — not medical advice.,PASS
linkedin,Myths vs Facts,Patient guidance,"What To Expect for Patient guidance. At Anjou Mehta Medical Consultancy, we focus on clarity and safe expectations. AMMC placeholder source text. We help clients understand their options, prepare properly, and navigate complex processes",#ClinicEducation #PatientFirst #Healthcare #InformedDecisions #Toronto,Learn more on our website,Educational information only — not medical advice.,PASS
linkedin,Common Mistakes,Medical consultancy,"Safety & Trust for Medical consultancy. At Anjou Mehta Medical Consultancy, we focus on clarity and safe expectations. AMMC placeholder source text. We help clients understand their options, prepare properly, and navigate complex processes",#ClinicEducation #PatientFirst #Healthcare #InformedDecisions #Toronto,Learn more on our website,Educational information only — not medical advice.,PASS
linkedin,Authority & Trust,Patient guidance,"Process Clarity for Patient guidance. At Anjou Mehta Medical Consultancy, we focus on clarity and safe expectations. AMMC placeholder source text. We help clients understand their options, prepare properly, and navigate complex processes",#ClinicEducation #PatientFirst #Healthcare #InformedDecisions #Toronto,Learn more on our website,Educational information only — not medical advice.,PASS
linkedin,Reassurance,Medical consultancy,"Common Mistakes for Medical consultancy. At Anjou Mehta Medical Consultancy, we focus on clarity and safe expectations. AMMC placeholder source text. We help clients understand their options, prepare properly, and navigate complex processes",#ClinicEducation #PatientFirst #Healthcare #InformedDecisions #Toronto,Learn more on our website,Educational information only — not medical advice.,PASS
linkedin,Process Clarity,Patient guidance,"Reassurance for Patient guidance. At Anjou Mehta Medical Consultancy, we focus on clarity and safe expectations. AMMC placeholder source text. We help clients understand their options, prepare properly, and navigate complex processes",#ClinicEducation #PatientFirst #Healthcare #InformedDecisions #Toronto,Learn more on our website,Educational information only — not medical advice.,PASS
linkedin,Myths vs Facts,Medical consultancy,"Myth Vs Fact for Medical consultancy. At Anjou Mehta Medical Consultancy, we focus on clarity and safe expectations. AMMC placeholder source text. We help clients understand their options, prepare properly, and navigate complex processes",#ClinicEducation #PatientFirst #Healthcare #InformedDecisions #Toronto,Learn more on our website,Educational information only — not medical advice.,PASS
linkedin,Common Mistakes,Patient guidance,"What To Expect for Patient guidance. At Anjou Mehta Medical Consultancy, we focus on clarity and safe expectations. AMMC placeholder source text. We help clients understand their options, prepare properly, and navigate complex processes",#ClinicEducation #PatientFirst #Healthcare #InformedDecisions #Toronto,Learn more on our website,Educational information only — not medical advice.,PASS
linkedin,Authority & Trust,Medical consultancy,"Safety & Trust for Medical consultancy. At Anjou Mehta Medical Consultancy, we focus on clarity and safe expectations. AMMC placeholder source text. We help clients understand their options, prepare properly, and navigate complex processes",#ClinicEducation #PatientFirst #Healthcare #InformedDecisions #Toronto,Learn more on our website,Educational information only — not medical advice.,PASS
linkedin,Reassurance,Patient guidance,"Process Clarity for Patient guidance. At Anjou Mehta Medical Consultancy, we focus on clarity and safe expectations. AMMC placeholder source text. We help clients understand their options, prepare properly, and navigate complex processes",#ClinicEducation #PatientFirst #Healthcare #InformedDecisions #Toronto,Learn more on our website,Educational information only — not medical advice.,PASS
instagram,Process Clarity,Medical consultancy,"Common Mistakes for Medical consultancy. At Anjou Mehta Medical Consultancy, we focus on clarity and safe expectations. AMMC placeholder source text. We help clients understand their options, prepare properly, and navigate complex processes",#ClinicEducation #PatientFirst #Healthcare #InformedDecisions #Toronto,Learn more on our website,Educational information only — not medical advice.,PASS
instagram,Myths vs Facts,Patient guidance,"Reassurance for Patient guidance. At Anjou Mehta Medical Consultancy, we focus on clarity and safe expectations. AMMC placeholder source text. We help clients understand their options, prepare properly, and navigate complex processes",#ClinicEducation #PatientFirst #Healthcare #InformedDecisions #Toronto,Learn more on our website,Educational information only — not medical advice.,PASS
instagram,Common Mistakes,Medical consultancy,"Myth Vs Fact for Medical consultancy. At Anjou Mehta Medical Consultancy, we focus on clarity and safe expectations. AMMC placeholder source text. We help clients understand their options, prepare properly, and navigate complex processes",#ClinicEducation #PatientFirst #Healthcare #InformedDecisions #Toronto,Learn more on our website,Educational information only — not medical advice.,PASS
